6903206425,pdsnr
4562279217,sdbjy
2116508587,pfieq
4132097685,rlkxv
8654739389,iaufk
8834710940,gcttu
5445472264,wgpnc
8403030806,lpwwa
6000912825,pbzif
2635433667,vlyyv
3385192669,cpyfs
8224048537,uaqcn
7824723794,nmied
1313699743,htufh
5406530988,qmron
7102720118,hfcln
9040200196,dlicf
9312242615,boosa
9757486692,fzuhb
2867189831,nvton
3311201102,yjpva
8250617004,ktkte
9601052864,rzccd
5855276584,kiaty
8294869128,odlre
6918084835,lntbl
2501447595,jjhfr
5506079192,sqxqg
9766833105,kvdzd
4051039653,oxlwx
8145260752,sjrvr
8082041861,hlrjf
2531170662,jolsk
5748275762,mgjtw
3681790276,lzvfa
1811561317,ubiri
7698701517,hgqbg
4141464883,otziz
8637700494,ntufd
7411948737,znvkh
8543955334,ttbmr
9685906552,czmxi
1091283810,nygsp
7664263595,tpgbk
7191679847,wgzgk
3472001417,lexgi
5278790660,pbddg
9745870506,gvkwl
4853027131,tprju
1896351253,frgeu
2091141431,zfwam
7469422597,ktfkj
4262235761,hhcob
8562099904,omhhz
7855311308,fewbe
1167735542,uusif
5586950874,pdbal
1941448558,yxhyt
2030120565,yhuxw
5625651928,bcnos
7183236262,jsmnc
2040217507,dfbsl
8425729982,gbxil
3620642462,uoaqw
5777432600,jmadj
3558262259,mldyg
4387501828,xovdz
6548401297,glcei
6417426832,qhjxk
2777576365,dsreo
2575609728,xkkqf
7713869158,hymxz
1874497164,klolk
4857163106,wemfa
8169850156,xuuqe
7680301085,twdkr
9522935316,omefz
4635003055,lqgtk
1573184156,xvcdp
1521537636,tjutk
6968511118,gpstg
2198505254,kthfg
6282485297,mzlmx
3931084271,npiws
6012772689,aqbln
4602214411,fkkrv
3960902626,ofiyv
9073450848,dohha
8329841603,qcscd
6941835376,rvnhc
5787949209,dckbm
6469855738,zkkbd
2064107649,rymfd
1792171174,qtpkb
7705911091,jljvt
9907210279,cvxfq
2579951887,fzxvf
1330889608,daasy
2839174716,oadad
4662353908,njeyk