1000431665,qoird
1003618876,ezsdd
1025652618,mjaja
1038820409,bpwlh
1050828847,slwxn
1053096829,arity
1067407108,djlka
1071895272,guvks
1072074214,ogpwq
1086430436,imwnd
1088017298,tihvm
1091283810,nygsp
1094597991,zqaev
1100304195,ghaec
1104076606,qfpig
1106229103,lzosy
1112037464,fjcjc
1117042347,gfkdt
1121504342,wgbxd
1123810186,ogdfu
1127205749,giavy
1132381324,ojmwi
1133019433,ywtme
1149882487,qlxey
1167735542,uusif
1175514775,fyprz
1178075788,yryzp
1210243244,nhwni
1223490026,ysvfv
1233630202,wzira
1251939172,hvxad
1261508699,qkcge
1273502394,ldqdk
1274552736,dzwui
1277842416,ayofe
1288192447,smtny
1291386563,wnoun
1305586992,cxcxf
1313699743,htufh
1314233107,lxbbg
1314685758,vvqlm
1330889608,daasy
1341914675,atols
1353326667,hwyxy
1379770270,urqzh
1380493798,cbqpi
1384034705,hykpd
1388967305,fqnnv
1389919296,zcqcm
1391458470,qhplh
1396659973,otcex
1418298453,rhtbs
1423579895,nmrzz
1431782124,tdczl
1434679683,ugxmd
1437848278,qsamm
1461926560,azkqx
1492389044,eqing
1496209800,slbhc
1504525446,iilzi
1509681997,kgydi
1521537636,tjutk
1559102862,xzsyo
1565615410,vcubn
1573184156,xvcdp
1581087887,kylaz
1584785168,reilh
1587736283,fcoez
1590421889,ndgqj
1594548341,fcpkt
1611123725,frvjt
1613884068,ezzor
1616560319,nrgzd
1618018237,ygilt
1622848894,tqejh
1622901069,nuodf
1630712379,wcbwf
1663343427,wpkqb
1686898027,hkoie
1697462893,ulkpn
1702963617,whftw
1704490647,hhqwj
1707739717,iyyop
1708899204,mtnhv
1711101899,ozlbb
1715854687,iohll
1725175103,pjsys
1736671169,vucce
1743884797,aprak
1753846730,qmwcg
1760321584,loruk
1765173924,xidpl
1770338810,kiuzy
1771934109,lrhah
1774675616,igmyo
1774686167,ocwiz
1790505484,tuabk
1792171174,qtpkb
1811561317,ubiri
1815721256,vljwd
1827146024,jhxlk
1837797607,idbuf
1838788307,qtlts
1846751703,qedqs
1865568730,ndezr
1871543735,atuer
1874497164,klolk
1893426254,vbnpv
1896351253,frgeu
1921560074,qkvvk
1935958222,qdqpy
1937300825,rgpig
1941448558,yxhyt
1943512926,yozga
1950771466,efmno
1962305746,dnoli
1964245738,xtslw
1992596109,fxdvz
2010930309,mrkww
2030120565,yhuxw
2040217507,dfbsl
2060254262,apdsy
2061920170,jyrmg
2064107649,rymfd
2073149846,pxkmc
2073451016,byxwk
2079307871,sdhwi
2091141431,zfwam
2099701887,tqekt
2113606380,khwuo
2116508587,pfieq
2119002980,fkrvv
2151216086,isglj
2162399219,phshh
2163818310,yaqxq
2164361449,aliut
2169851086,gvqvy
2194402716,xshvr
2198505254,kthfg
2213212939,xezjb
2214182362,uzdih
2229810020,xlwky
2230162717,biuqb
2239611475,mafrr
2241367609,fsyrx
2241433852,nhzxi
2270448854,hvsaq
2284276240,oqakr
2292502129,xvkrk
2295981045,qevzm
2301299636,qvejq
2318232752,qvcqk
2324906946,stybt
2343197511,qzmbw
2362830449,lmkpp
2372658622,afmcq
2373975895,fihda
2390160033,fagti
2396179838,zjoba
2400953067,kxljk
2424628621,evsxx
2446583111,pggqe
2464094000,szviy
2469172879,qbxqg
2472869772,xtyrj
2492106460,bhoxl
2501447595,jjhfr
2509238099,yqwit
2515455956,lqigk
2516111462,drjts
2516861854,zcpui
2521824914,lchyv
2531170662,jolsk
2539425975,fbwdc
2542594712,zpnil
2551549494,sqmhv
2575609728,xkkqf
2576245993,snvbt
2579951887,fzxvf
2585703403,yevor
2602977306,dsuyz
2619569477,zowed
2622132274,mtylj
2635433667,vlyyv
2640140530,jbcep
2660153347,mwufd
2685269717,bseqp
2698241164,slbut
2700148548,uqjnp
2727492001,mxiqf
2737744652,oxkht
2750050996,yxcue
2753690101,kmiwg
2760550689,icwrx
2764987804,rmavr
2776751018,mbjvi
2777576365,dsreo
2808602294,csfqy
2820262091,ckmau
2839174716,oadad
2841214277,dviia
2850043182,qqpwj
2852205040,qxefz
2856991588,yeurs
2857071665,kbdrj
2863284564,oekws
2864293814,lhpso
2867189831,nvton
2876111210,hatun
2890126148,kmtco
2894512183,uvvsa
2912803433,swkny
2927477237,pcgrc
2932120819,kktwd
2938940540,ojmvd
2967866074,ilqik
2979568132,zohge
2981122715,kszyl
2984374508,fzpjq
2984532430,vwwqr
3002447770,papjk
3003817077,ibxyw
3013786657,wuxzb
3019761359,svnpy
3025360269,rzuqo
3027925791,lkqsi
3043255350,xaafa
3045707749,gvffc
3062090630,gugdy
3070793707,svpzy
3082317589,mkteq
3096705870,hhvad
3099401193,izhlx
3102874068,bqibs
3106355619,dsxyo
3112796388,lklrv
3114372666,agpdi
3119853305,ofpuu
3121313914,satuz
3124407969,ypjec
3147635494,uptwn
3176861048,avcmw
3182523333,rhiwa
3184052795,cokbw
3185344518,aclvs
3185936979,jhing
3194435649,gxmjw
3198843072,udnln
3200499188,hxxst
3217985852,ggict
3238704043,awoqb
3273042578,nxyrq
3281473653,wgvdh
3281744089,pnrch
3282286495,zwkdg
3288743577,dgieg
3311201102,yjpva
3320014021,oaqvu
3338042795,qfsmz
3341273945,efctl
3354384383,ohgom
3369271399,wucov
3385192669,cpyfs
3391390962,vsbfs
3394941180,xelot
3397204152,nsozb
3407754064,gowel
3435450384,rwhxz
3462633158,popxu
3472001417,lexgi
3485354338,puxae
3492611828,geiki
3504863563,yzwkz
3514507495,owags
3534618691,dduyp
3558262259,mldyg
3582077056,itstm
3583404387,mzubd
3600436912,cpvzs
3604455554,grwpv
3620642462,uoaqw
3621342069,lejuh
3622751627,nxwlo
3651552569,uzdxp
3661697090,dijek
3676353465,wrgdx
3681790276,lzvfa
3693568607,yyagb
3695504617,zcdbz
3696139750,werxt
3728152739,eljrd
3736536334,ozsew
3754724661,kbagk
3766339024,cburf
3770066366,khugi
3798405656,ofemk
3847222853,uvffc
3848654816,lxkgm
3855943798,claoj
3859088680,ytkda
3864470580,bijcn
3865107204,cvmwu
3875395657,ximqt
3877077112,acdlb
3884527841,byyuk
3884608163,ufqid
3931084271,npiws
3933482727,skrcb
3934410325,gqqnn
3939041017,ldmuj
3960902626,ofiyv
3974461761,jepkb
3984260569,uxkof
3990670339,fclgu
4000748459,eguqn
4000973544,hxszx
4014203381,fbxfb
4014950824,bgqug
4051039653,oxlwx
4056945624,gsbyu
4066549393,marjn
4112075930,ioxsl
4112539479,zxrkk
4124270734,idusd
4132097685,rlkxv
4141464883,otziz
4142625035,rmdad
4143298975,fkpoe
4150547498,fatpg
4186150608,kurcc
4203879835,qczcc
4222228141,wsnzw
4230962356,rrwju
4233795887,jwidc
4237125901,wcjbe
4241275978,mbgxh
4243804749,dzfqh
4247187376,lumjk
4255477446,arlnx
4259212370,ddixy
4261514794,njxhl
4262235761,hhcob
4298922919,vchga
4300257168,drgfn
4302510746,hydec
4307812350,luxwt
4319950223,jnpgd
4323098659,jfriz
4335572168,ydxfb
4339225634,yojmp
4350191151,zvosp
4363921899,lejiv
4364652082,zqfhm
4368692005,ygspp
4374753346,cwejr
4385637473,bxcse
4387501828,xovdz
4395214825,mxixz
4425401971,ezoed
4427422327,icggy
4428520660,fqhrk
4435876651,jahiq
4443040896,zykre
4443661019,szcur
4459057810,shrpj
4461480082,ezvrt
4473731557,eejes
4498905368,qtrwg
4502111131,wpalw
4524189328,aevrz
4526748179,sdfod
4529367127,cwijw
4533249324,llito
4537393096,cvziz
4557960984,ajimo
4562279217,sdbjy
4565350275,nphfi
4569740564,vhpmc
4572882583,mcuip
4580115509,ywtus
4580311549,tftax
4597881357,pkjqw
4602069606,cglpe
4602214411,fkkrv
4610228333,uqlso
4611720510,vfkjy
4613911840,nusof
4615369059,kgmjd
4615750747,duhky
4622098565,tsbed
4633502189,ftbcc
4635003055,lqgtk
4656975601,dblvc
4662353908,njeyk
4663822460,ejfcb
4667869858,iitax
4673923308,hcgsf
4676636591,mstrl
4690477423,plwue
4690587682,bvhfd
4694137066,ccjxo
4699624261,tghax
4702276427,pisyl
4708798889,xasrs
4710653061,djnpz
4711652522,lqzgs
4725837541,cxren
4731153260,nnhgt
4743405622,zqxyc
4743646816,xbodq
4747016662,cvpib
4749534082,hucsn
4753034828,bhags
4753297591,vnfef
4787127164,fidsf
4805372771,ctvyp
4839606235,efvre
4853027131,tprju
4857163106,wemfa
4858141804,lfjpf
4898978821,oevka
4912618754,nqbgr
4922033541,rnsoa
4922351276,ydhir
4927111803,xaahu
4927714983,mjhzm
4945666827,uyrqh
4976294179,lvfnw
4983028551,pdbyv
4983379967,sdxzu
5001143071,cqubn
5037121454,rmjdf
5038064820,sluwu
5042357303,clvvg
5061173979,yqian
5064827865,zhwcc
5068770008,gokjj
5083145965,eblrd
5085539360,dxmld
5092517168,byrsk
5096326867,gaoge
5097244116,esuey
5108818970,wvxue
5126124409,nbmyp
5129164833,llkyk
5134084951,vtljx
5146252967,fxzzb
5147534234,xxgud
5160875949,iwcpp
5165816993,rggeu
5172074796,emdqj
5176301170,gjvyk
5193195992,gxfvu
5197547419,ffhuv
5206562336,wceno
5219651259,wpowd
5220430083,wlqxo
5232556268,bsmtj
5242601165,sebld
5253574390,xefkp
5270955741,uxvqh
5278790660,pbddg
5280295018,mqffl
5325172287,oujdi
5345242662,dblze
5351038241,fwdiy
5374348654,jqisp
5376146137,eddxb
5376754834,yzuqj
5379807567,ikden
5386041582,bmexd
5393580282,rjacz
5397691506,yuvki
5406530988,qmron
5408889831,iyihd
5437448625,hzkip
5445472264,wgpnc
5447576917,lbqbt
5447648133,bejeh
5450272882,lmqob
5472737043,pqydk
5474442278,nlwra
5479179918,nshti
5486887169,qasvo
5496561251,acnxk
5506079192,sqxqg
5511279735,saall
5519476661,ziisx
5519851878,cmxkr
5529156034,qmqnd
5544804911,lvlgy
5570113366,naysi
5572673905,etkge
5573198431,wehuw
5581437994,phadl
5586950874,pdbal
5597046350,trbqr
5601136886,bhnyn
5609194670,vwnrb
5615404450,obson
5620677505,zpaxx
5625651928,bcnos
5641826718,awunt
5680249490,uoglx
5700242797,qgcka
5701933591,puoeg
5711540099,toqzp
5735794135,sdzin
5739017618,azprs
5746797847,etjqd
5748275762,mgjtw
5751616127,nawkm
5753878200,jwrdz
5756136215,ljntf
5772183624,ixfmw
5777432600,jmadj
5787949209,dckbm
5789606882,btctg
5800889707,gbnhh
5805816685,thlck
5811403741,bmxjg
5811662767,xfypx
5812391740,lbltf
5814919143,tfcaz
5819998461,xcrfc
5828095492,ypjdt
5855276584,kiaty
5862340936,xhzqy
5863307020,rmjfv
5865894587,qrlgp
5875866893,pdmwv
5880062739,rvsye
5892733888,xorkw
5893106106,qsktx
5893507054,ojmcm
5907202748,xvekm
5923672068,lqldy
5927494303,qrjxj
5927735581,oqkxf
5948234738,qvwda
5959019782,jvfiz
5967817716,kbpfg
5968294272,tzmdf
5969542571,zjhqs
5975417192,vgfjd
5984892611,dadgl
6000912825,pbzif
6010768291,mlbyw
6012772689,aqbln
6024708694,rdonm
6047126711,gldrv
6064745286,ptnhn
6083625165,aceqc
6088095912,struj
6096602480,ufrtv
6098213343,wndex
6115022545,wmxpj
6119772475,izkjg
6126084195,emkxs
6137910694,fsvpz
6138522516,amufj
6143454173,hvmvl
6144593245,yxalm
6148986925,tclou
6156160683,ggbrd
6156560403,dzamq
6160043573,kdmce
6160309719,vsutc
6164278133,vonbq
6177296683,caizd
6181724612,zufna
6186445449,jkirk
6203512446,oudms
6207179391,lmyjz
6209624355,bjtjv
6211652850,qonts
6215654093,sjbeb
6218278005,hdhtz
6220972177,komgt
6230606283,jwmsq
6234313049,pqnzt
6236687416,ybuex
6270326343,frhga
6270761377,kgdfc
6272563024,jnelk
6282485297,mzlmx
6286869709,wgphl
6297469695,ycwas
6304083325,kqzht
6304908618,fouzc
6320708118,dzvkf
6322122392,jpbfz
6339632092,rqzhk
6342103836,rrzef
6343167807,prvvb
6361316894,jufsz
6382982243,kxler
6391090375,agrtc
6395273723,lltww
6407720519,omcby
6417426832,qhjxk
6418747850,ttqqw
6419041213,pjxrm
6430097524,utchf
6433405063,poxpc
6437036714,zsjkq
6469855738,zkkbd
6479446106,giucz
6480359862,aogsd
6490417731,rtfbu
6490477023,wvzfi
6494631540,whnhh
6498776848,zpofd
6501119996,pwwef
6507130097,noozd
6530866854,ukhwi
6548401297,glcei
6588992446,bsdef
6595724646,rxdlo
6605518235,mrylu
6633204334,evqax
6637827525,bfwqd
6663643882,grjfj
6665914931,huedy
6668626527,nryms
6673799698,htuvt
6684201985,bbtok
6689726969,evets
6727697860,jurnc
6771573507,vubsv
6772748769,tvfrf
6780956982,kjplv
6796912478,ybcit
6798613026,xcnnq
6803536087,dxyuo
6823208909,jmehz
6834781483,nuoug
6835827070,pasja
6837088498,nsmpp
6839151582,fkfde
6840849134,ftajt
6844703446,wymua
6851339917,cbloe
6866097631,cgtjh
6869265686,ucmmi
6874599125,wqfwm
6882549233,pjtnf
6903039155,vbjlj
6903206425,pdsnr
6918084835,lntbl
6926887259,ifyxq
6941835376,rvnhc
6960143849,ijhnh
6968511118,gpstg
6977909116,olssv
6988153138,mbgpo
6990172192,iyckh
6991499882,wmhto
6998340746,fimhc
7002353559,ifywg
7005296121,kzptc
7011900601,mzgyk
7036104447,ywreo
7039147414,ecixb
7054724363,ayopy
7058708303,fvoyz
7070219310,aigfb
7076264630,pakbm
7097494422,bxxmg
7100281822,ghyqs
7102720118,hfcln
7133458790,csdzu
7133732272,qcwqr
7137919051,hrfob
7155760311,aqhgx
7159527049,auvxn
7177975306,wiako
7183236262,jsmnc
7191679847,wgzgk
7200079686,fqiis
7211754334,tyzhb
7255435772,csghi
7255721478,lrqkx
7256951688,sgyst
7271508540,rrykp
7278291170,edrpj
7292694503,oonwi
7296905118,lygbg
7303087899,vmyzc
7307929216,mbadv
7313563670,grhwd
7324739985,bnpxh
7334102529,ahrhy
7342651535,eqchj
7361128317,glrru
7367057218,ktbjv
7370456459,izehb
7373767756,qhmpt
7374238423,fuity
7403129777,ujozp
7411948737,znvkh
7418208358,gzqsl
7428266125,iraaq
7428488104,qyeqf
7429611934,lskyw
7430615195,cecmr
7436232549,bsaqk
7443135482,vxael
7453590420,dduuo
7454673417,rzuih
7466325393,ibqlt
7469422597,ktfkj
7470009718,lldcl
7474380421,fbmou
7475271452,cjyjv
7482761460,qlohq
7495470481,dpbgo
7498353379,mcrxb
7498686112,jdgqa
7504249516,yogri
7514114299,onnwe
7540874477,wcrmc
7556189831,ffheq
7561477254,lnkoh
7563253262,akkqg
7564732599,jiyzz
7575251179,zmsgr
7583808597,obxbd
7594182767,sdsuh
7599360580,ulqnq
7602249427,vggej
7603689876,mjvjy
7622525950,bitwo
7623225354,dxqfk
7624665276,tdhzd
7634323920,pazvi
7645820409,efssq
7654151105,bogbg
7664263595,tpgbk
7675834534,lrnte
7679969648,aqogf
7680301085,twdkr
7686426803,zhhip
7690769322,ckoiw
7693705151,ezygq
7698701517,hgqbg
7705911091,jljvt
7709325128,vfxpx
7713869158,hymxz
7725856005,corqo
7732415063,oxpkh
7732694343,dsudy
7736236326,jljbm
7736951889,nclbf
7741119117,lwgnw
7744219904,zemme
7754004897,vhjvu
7756206656,ultsr
7758886825,jfuqx
7761099702,uaooz
7770498112,bfgeo
7770681277,danmr
7781046038,zrohe
7782489180,rovos
7786555492,ueslg
7811830553,nvvan
7818846777,iqlix
7823253750,osayx
7824723794,nmied
7826885739,xqlso
7837124768,zrmsr
7847032376,ggyxx
7855311308,fewbe
7866991115,evcor
7867033669,nrmyu
7884332807,cckme
7904937189,mjxoc
7906255594,slieg
7908109238,wzhlw
7919895421,jpqvw
7950188274,bbhlr
7955185642,owhny
7960717817,zvyrv
7963370396,jywkf
7967961032,yqfzw
7985155510,lynmo
7996381169,bgfrn
7999219641,xvpxa
7999903916,tubcu
8014722965,ackph
8041612492,flxtb
8050353123,qtinw
8082001709,gngwe
8082041861,hlrjf
8091157883,ntdcj
8092782303,uaooz
8104908714,sqien
8106295974,gwbpx
8126211531,dbskk
8132415677,mowrj
8135468378,aqust
8140257236,gaprn
8145260752,sjrvr
8148966675,rsvyw
8150573026,posdd
8169850156,xuuqe
8210824337,rawzc
8213927739,atiqp
8213985778,qlnzi
8218531741,dgoqq
8219899431,txwmc
8220702052,sjygj
8224048537,uaqcn
8237946356,hjfnh
8240228066,wpeyc
8245911204,osume
8246048450,zfzem
8250617004,ktkte
8254353845,puyfl
8274136165,eunpz
8281298441,uqpvf
8284712562,yazdf
8285151484,nutlm
8294869128,odlre
8312822899,fxajz
8325008673,lypjt
8329841603,qcscd
8330152886,sbrzm
8343911696,vrpof
8356057598,gheks
8357534910,lnblq
8368438240,zbtca
8374360062,fcipg
8384752737,wseyf
8388284588,byfez
8399664877,flztp
8403030806,lpwwa
8403592047,mxvtq
8410525108,pkwso
8412094083,nusyc
8425729982,gbxil
8426789198,ixxrw
8463294411,owvoc
8465402326,imazn
8467452002,pgbkm
8491577848,zgles
8492800671,frkdw
8514158020,vpild
8532116681,pxesa
8542493422,zspdm
8543955334,ttbmr
8562099904,omhhz
8576857653,tqtoz
8588535384,csyaq
8601337147,rnxbm
8604398808,gbffb
8610174957,xywgd
8616835013,noyhe
8622434909,pooql
8622771955,kizeh
8637700494,ntufd
8640317754,hhiyo
8654739389,iaufk
8687190235,jlvqk
8688938214,iikao
8695980103,shplg
8701099213,ktgzz
8703316452,silvn
8703665140,iagqv
8707623494,ezaku
8717303238,rhtkb
8721842757,ybcyh
8724392457,fyzla
8729564004,pwdym
8729693910,fexjr
8732594861,fqyzh
8768272062,zaxmf
8773906281,rynca
8776866606,xsurv
8777789094,pwnag
8822295264,ibmxh
8829960334,uurzm
8831468770,okwlu
8834710940,gcttu
8866007135,ijlpg
8869310327,fxjnp
8884200132,cxdja
8894726884,cropf
8895870014,rczzs
8899608038,yrxyq
8914348773,bctws
8931677804,notmc
8948632853,mbclc
8952687098,wfsey
8956447999,mxbas
8971951857,obfrv
8973008299,inbpe
8974381387,uninn
8983201899,qsqha
8996884678,zmmga
9001611752,nhtgu
9004822457,wxopw
9005887890,wwvxz
9007488474,wulme
9019406775,mnsvt
9031463234,veslb
9036381064,vdtyp
9040200196,dlicf
9052821939,bchit
9072020580,yaear
9073450848,dohha
9076554390,zdvir
9100533040,zkucy
9125378174,qsyui
9149284710,ifntv
9157471891,qenaf
9161168310,ymour
9169520519,rhqbw
9184958430,wlkrb
9198842155,nmqus
9199253311,lbcec
9200406007,ctvks
9206128332,dzrvk
9209533204,sjrcd
9239979504,xxrlf
9240724087,ukoys
9249283374,txahu
9253758699,girpx
9273170659,gnxfp
9278505406,elvsx
9281674939,lcbim
9300376349,kpyir
9306817742,jvdxq
9312242615,boosa
9337052334,zfewp
9347157837,hobzn
9376688461,ekgme
9380824554,yjccn
9387812272,tajdg
9398235280,fvvrl
9417383154,jlzdn
9433616279,kjdqn
9445998314,wdoea
9466484321,ahojz
9467991289,njgsu
9479594361,ajyry
9495277700,fhkhs
9495969711,bdkyb
9518332034,eyhoh
9522935316,omefz
9524516286,xtare
9528688763,wvqas
9538226572,nagdi
9545110788,gymkv
9547834929,myebp
9550174424,skosb
9601052864,rzccd
9642109083,wngpk
9654385124,qtjvz
9663442457,wxiwl
9673111100,fauno
9673597333,hczmn
9685906552,czmxi
9710538362,npotx
9715356293,xhsdh
9721199725,wtjoo
9745870506,gvkwl
9746236223,pqtzx
9756971924,xmjax
9757486692,fzuhb
9766833105,kvdzd
9769055108,sbpjr
9779156950,uxnmr
9782955324,ghgct
9785676770,xmuaw
9787892214,wuvvp
9794876198,rudqi
9798817625,ebpkp
9799238898,tunlf
9815265805,tnliw
9816476385,ywols
9822501570,nwtvv
9831134719,qvvui
9832782580,rhokj
9840684595,yhojz
9841669054,axagy
9841818778,gqqqe
9868468136,ogblu
9883311369,rmzzn
9901994412,yuhur
9903200853,aleln
9907210279,cvxfq
9920082666,pdkgr
9923653595,fqjpe
9928439439,mkunc
9942059142,edcim
9950325283,wwwlc
9951405688,qytmp
9987838903,piydt
9991014166,mgnfb

Running Time (microseconds): 2300
