1091283810,nygsp
1167735542,uusif
1313699743,htufh
1330889608,daasy
1521537636,tjutk
1573184156,xvcdp
1792171174,qtpkb
1811561317,ubiri
1874497164,klolk
1896351253,frgeu
1941448558,yxhyt
2030120565,yhuxw
2040217507,dfbsl
2064107649,rymfd
2091141431,zfwam
2116508587,pfieq
2198505254,kthfg
2501447595,jjhfr
2531170662,jolsk
2575609728,xkkqf
2579951887,fzxvf
2635433667,vlyyv
2777576365,dsreo
2839174716,oadad
2867189831,nvton
3311201102,yjpva
3385192669,cpyfs
3472001417,lexgi
3558262259,mldyg
3620642462,uoaqw
3681790276,lzvfa
3931084271,npiws
3960902626,ofiyv
4051039653,oxlwx
4132097685,rlkxv
4141464883,otziz
4262235761,hhcob
4387501828,xovdz
4562279217,sdbjy
4602214411,fkkrv
4635003055,lqgtk
4662353908,njeyk
4853027131,tprju
4857163106,wemfa
5278790660,pbddg
5406530988,qmron
5445472264,wgpnc
5506079192,sqxqg
5586950874,pdbal
5625651928,bcnos
5748275762,mgjtw
5777432600,jmadj
5787949209,dckbm
5855276584,kiaty
6000912825,pbzif
6012772689,aqbln
6282485297,mzlmx
6417426832,qhjxk
6469855738,zkkbd
6548401297,glcei
6903206425,pdsnr
6918084835,lntbl
6941835376,rvnhc
6968511118,gpstg
7102720118,hfcln
7183236262,jsmnc
7191679847,wgzgk
7411948737,znvkh
7469422597,ktfkj
7664263595,tpgbk
7680301085,twdkr
7698701517,hgqbg
7705911091,jljvt
7713869158,hymxz
7824723794,nmied
7855311308,fewbe
8082041861,hlrjf
8145260752,sjrvr
8169850156,xuuqe
8224048537,uaqcn
8250617004,ktkte
8294869128,odlre
8329841603,qcscd
8403030806,lpwwa
8425729982,gbxil
8543955334,ttbmr
8562099904,omhhz
8637700494,ntufd
8654739389,iaufk
8834710940,gcttu
9040200196,dlicf
9073450848,dohha
9312242615,boosa
9522935316,omefz
9601052864,rzccd
9685906552,czmxi
9745870506,gvkwl
9757486692,fzuhb
9766833105,kvdzd
9907210279,cvxfq

Running time: 0seconds.